timestamp,total_memory,used_memory,free_memory
2024-05-19 19:20:36,209342,1512,100690
2024-05-19 19:20:41,209342,2358,99845
2024-05-19 19:20:46,209342,3532,98670
2024-05-19 19:20:51,209342,4693,97510
2024-05-19 19:20:56,209342,5465,96738
2024-05-19 19:21:01,209342,7387,94816
2024-05-19 19:21:06,209342,7815,94388
2024-05-19 19:21:11,209342,7816,94387
2024-05-19 19:21:16,209342,7816,94386
2024-05-19 19:21:21,209342,7818,94385
2024-05-19 19:21:26,209342,7818,94385
2024-05-19 19:21:31,209342,7818,94384
2024-05-19 19:21:36,209342,7818,94384
2024-05-19 19:21:41,209342,7818,94384
2024-05-19 19:21:46,209342,7821,94382
2024-05-19 19:21:51,209342,7823,94380
2024-05-19 19:21:56,209342,7824,94379
2024-05-19 19:22:01,209342,7816,94387
2024-05-19 19:22:06,209342,7816,94386
2024-05-19 19:22:11,209342,7816,94386
2024-05-19 19:22:16,209342,7825,94378
2024-05-19 19:22:21,209342,8707,93496
2024-05-19 19:22:26,209342,8707,93496
2024-05-19 19:22:31,209342,8707,93495
2024-05-19 19:22:36,209342,8708,93494
2024-05-19 19:22:41,209342,8700,93502
2024-05-19 19:22:46,209342,9521,92681
2024-05-19 19:22:51,209342,13195,89007
2024-05-19 19:22:56,209342,13962,88240
2024-05-19 19:23:01,209342,14732,87470
2024-05-19 19:23:06,209342,15502,86700
2024-05-19 19:23:11,209342,16272,85930
2024-05-19 19:23:16,209342,17129,85073
2024-05-19 19:23:21,209342,17025,85177
2024-05-19 19:23:26,209342,17029,85173
2024-05-19 19:23:31,209342,17029,85173
2024-05-19 19:23:36,209342,17030,85172
2024-05-19 19:23:41,209342,17030,85172
2024-05-19 19:23:46,209342,17031,85171
2024-05-19 19:23:51,209342,17033,85169
2024-05-19 19:23:56,209342,17037,85165
2024-05-19 19:24:01,209342,17037,85165
2024-05-19 19:24:06,209342,17037,85165
2024-05-19 19:24:11,209342,17037,85165
2024-05-19 19:24:16,209342,18080,84122
2024-05-19 19:24:21,209342,17121,85081
2024-05-19 19:24:26,209342,17123,85079
2024-05-19 19:24:31,209342,17124,85078
2024-05-19 19:24:36,209342,17124,85078
2024-05-19 19:24:41,209342,17124,85078
2024-05-19 19:24:46,209342,17118,85084
2024-05-19 19:24:51,209342,17118,85084
2024-05-19 19:24:56,209342,17120,85082
2024-05-19 19:25:01,209342,17120,85082
2024-05-19 19:25:06,209342,17121,85081
2024-05-19 19:25:11,209342,17123,85079
2024-05-19 19:25:16,209342,17125,85077
2024-05-19 19:25:21,209342,17125,85077
2024-05-19 19:25:26,209342,17125,85077
2024-05-19 19:25:31,209342,17436,84765
2024-05-19 19:25:36,209342,16993,85208
2024-05-19 19:25:41,209342,16994,85208
2024-05-19 19:25:46,209342,16995,85206
2024-05-19 19:25:51,209342,17001,85200
2024-05-19 19:25:56,209342,17002,85200
2024-05-19 19:26:01,209342,17002,85200
2024-05-19 19:26:06,209342,16994,85207
2024-05-19 19:26:11,209342,16987,85215
2024-05-19 19:26:16,209342,16989,85212
2024-05-19 19:26:21,209342,16989,85212
2024-05-19 19:26:26,209342,16989,85212
2024-05-19 19:26:32,209342,17018,85183
2024-05-19 19:26:37,209342,17027,85174
2024-05-19 19:26:42,209342,17030,85172
2024-05-19 19:26:47,209342,17031,85171
2024-05-19 19:26:52,209342,17031,85171
2024-05-19 19:26:57,209342,17031,85170
2024-05-19 19:27:02,209342,17031,85170
2024-05-19 19:27:07,209342,17034,85167
2024-05-19 19:27:12,209342,17035,85166
2024-05-19 19:27:17,209342,17026,85175
2024-05-19 19:27:22,209342,17020,85181
2024-05-19 19:27:27,209342,18002,84199
2024-05-19 19:27:32,209342,17138,85063
2024-05-19 19:27:37,209342,17138,85063
2024-05-19 19:27:42,209342,17132,85070
2024-05-19 19:27:47,209342,17137,85064
2024-05-19 19:27:52,209342,17137,85064
2024-05-19 19:27:57,209342,17137,85064
2024-05-19 19:28:02,209342,17130,85071
2024-05-19 19:28:07,209342,17131,85070
2024-05-19 19:28:12,209342,17133,85068
2024-05-19 19:28:17,209342,17126,85075
2024-05-19 19:28:22,209342,17126,85075
2024-05-19 19:28:27,209342,17127,85074
2024-05-19 19:28:32,209342,17128,85073
2024-05-19 19:28:37,209342,17129,85072
2024-05-19 19:28:42,209342,17366,84835
2024-05-19 19:28:47,209342,17017,85184
2024-05-19 19:28:52,209342,17019,85182
2024-05-19 19:28:57,209342,17021,85180
2024-05-19 19:29:02,209342,17024,85176
2024-05-19 19:29:07,209342,17026,85175
2024-05-19 19:29:12,209342,17026,85175
2024-05-19 19:29:17,209342,17026,85175
2024-05-19 19:29:22,209342,17029,85172
2024-05-19 19:29:27,209342,17030,85171
2024-05-19 19:29:32,209342,17030,85171
2024-05-19 19:29:37,209342,17031,85170
2024-05-19 19:29:42,209342,17988,84213
2024-05-19 19:29:47,209342,17053,85147
2024-05-19 19:29:52,209342,17055,85146
2024-05-19 19:29:57,209342,17057,85143
2024-05-19 19:30:02,209342,17058,85142
2024-05-19 19:30:07,209342,17059,85141
2024-05-19 19:30:12,209342,17059,85141
2024-05-19 19:30:17,209342,17053,85148
2024-05-19 19:30:22,209342,17039,85161
2024-05-19 19:30:27,209342,17039,85161
2024-05-19 19:30:32,209342,17040,85161
2024-05-19 19:30:37,209342,17041,85160
2024-05-19 19:30:42,209342,17033,85168
2024-05-19 19:30:47,209342,21406,80794
2024-05-19 19:30:52,209342,22064,80137
2024-05-19 19:30:57,209342,22821,79380
2024-05-19 19:31:02,209342,23593,78608
2024-05-19 19:31:07,209342,24362,77839
2024-05-19 19:31:12,209342,25131,77069
2024-05-19 19:31:17,209342,25895,76306
2024-05-19 19:31:22,209342,26658,75543
2024-05-19 19:31:27,209342,27429,74771
2024-05-19 19:31:32,209342,28141,74060
2024-05-19 19:31:37,209342,28842,73358
2024-05-19 19:31:42,209342,30421,71779
2024-05-19 19:31:47,209342,29394,72806
2024-05-19 19:31:52,209342,29398,72802
2024-05-19 19:31:57,209342,29403,72798
2024-05-19 19:32:02,209342,29399,72801
2024-05-19 19:32:07,209342,29400,72800
2024-05-19 19:32:12,209342,29401,72799
2024-05-19 19:32:17,209342,29394,72806
2024-05-19 19:32:22,209342,29388,72812
2024-05-19 19:32:27,209342,29388,72812
2024-05-19 19:32:32,209342,29391,72809
2024-05-19 19:32:37,209342,29392,72808
2024-05-19 19:32:42,209342,29384,72816
2024-05-19 19:32:47,209342,29385,72815
2024-05-19 19:32:52,209342,29387,72813
2024-05-19 19:32:57,209342,29387,72812
2024-05-19 19:33:02,209342,29324,72876
2024-05-19 19:33:07,209342,29325,72875
2024-05-19 19:33:12,209342,29327,72872
2024-05-19 19:33:17,209342,29320,72880
2024-05-19 19:33:22,209342,29321,72879
2024-05-19 19:33:27,209342,29324,72876
2024-05-19 19:33:32,209342,29324,72876
2024-05-19 19:33:37,209342,29324,72876
2024-05-19 19:33:42,209342,29324,72876
2024-05-19 19:33:47,209342,29325,72875
2024-05-19 19:33:52,209342,29325,72875
2024-05-19 19:33:57,209342,29326,72874
2024-05-19 19:34:02,209342,29327,72872
2024-05-19 19:34:07,209342,29327,72872
2024-05-19 19:34:12,209342,29360,72840
2024-05-19 19:34:17,209342,29319,72881
2024-05-19 19:34:22,209342,29319,72881
2024-05-19 19:34:27,209342,29318,72882
2024-05-19 19:34:32,209342,29318,72882
2024-05-19 19:34:37,209342,29318,72882
2024-05-19 19:34:42,209342,29318,72881
2024-05-19 19:34:47,209342,29319,72881
2024-05-19 19:34:52,209342,29321,72879
2024-05-19 19:34:57,209342,29321,72879
2024-05-19 19:35:02,209342,29321,72878
2024-05-19 19:35:07,209342,29322,72878
2024-05-19 19:35:12,209342,29322,72877
2024-05-19 19:35:17,209342,29324,72875
2024-05-19 19:35:22,209342,29327,72872
2024-05-19 19:35:27,209342,30456,71743
2024-05-19 19:35:32,209342,29368,72831
2024-05-19 19:35:37,209342,29373,72826
2024-05-19 19:35:42,209342,29376,72824
2024-05-19 19:35:47,209342,29376,72823
2024-05-19 19:35:52,209342,29370,72829
2024-05-19 19:35:57,209342,29362,72838
2024-05-19 19:36:02,209342,29365,72835
2024-05-19 19:36:07,209342,29365,72835
2024-05-19 19:36:12,209342,29365,72834
2024-05-19 19:36:17,209342,29365,72834
2024-05-19 19:36:22,209342,29366,72833
2024-05-19 19:36:27,209342,29368,72832
2024-05-19 19:36:32,209342,29368,72832
2024-05-19 19:36:37,209342,29368,72831
2024-05-19 19:36:42,209342,29368,72831
2024-05-19 19:36:47,209342,29304,72896
2024-05-19 19:36:52,209342,29305,72894
2024-05-19 19:36:57,209342,29305,72894
2024-05-19 19:37:02,209342,29305,72894
2024-05-19 19:37:07,209342,29305,72894
2024-05-19 19:37:13,209342,29306,72893
2024-05-19 19:37:18,209342,29303,72897
2024-05-19 19:37:23,209342,29303,72896
2024-05-19 19:37:28,209342,29295,72904
2024-05-19 19:37:33,209342,29299,72900
2024-05-19 19:37:38,209342,29299,72900
2024-05-19 19:37:43,209342,29299,72900
2024-05-19 19:37:48,209342,29300,72900
2024-05-19 19:37:53,209342,29292,72907
2024-05-19 19:37:58,209342,29782,72417
2024-05-19 19:38:03,209342,29321,72878
2024-05-19 19:38:08,209342,29323,72876
2024-05-19 19:38:13,209342,29324,72875
2024-05-19 19:38:18,209342,29323,72876
2024-05-19 19:38:23,209342,29323,72876
2024-05-19 19:38:28,209342,29324,72875
2024-05-19 19:38:33,209342,29325,72874
2024-05-19 19:38:38,209342,29327,72872
2024-05-19 19:38:43,209342,29327,72871
2024-05-19 19:38:48,209342,29328,72871
2024-05-19 19:38:53,209342,29328,72871
2024-05-19 19:38:58,209342,29328,72870
2024-05-19 19:39:03,209342,29328,72870
2024-05-19 19:39:08,209342,29330,72868
2024-05-19 19:39:13,209342,29406,72793
2024-05-19 19:39:18,209342,29374,72825
2024-05-19 19:39:23,209342,29360,72838
2024-05-19 19:39:28,209342,29362,72837
2024-05-19 19:39:33,209342,29362,72837
2024-05-19 19:39:38,209342,29365,72834
2024-05-19 19:39:43,209342,29366,72833
2024-05-19 19:39:48,209342,29358,72840
2024-05-19 19:39:53,209342,29358,72840
2024-05-19 19:39:58,209342,29359,72840
2024-05-19 19:40:03,209342,29360,72839
2024-05-19 19:40:08,209342,29360,72839
2024-05-19 19:40:13,209342,29351,72848
2024-05-19 19:40:18,209342,29352,72847
2024-05-19 19:40:23,209342,29347,72851
2024-05-19 19:40:28,209342,29761,72438
2024-05-19 19:40:33,209342,29283,72916
2024-05-19 19:40:38,209342,29287,72912
2024-05-19 19:40:43,209342,29287,72912
2024-05-19 19:40:48,209342,29288,72911
2024-05-19 19:40:53,209342,29288,72911
2024-05-19 19:40:58,209342,29289,72910
2024-05-19 19:41:03,209342,29289,72910
2024-05-19 19:41:08,209342,29290,72909
2024-05-19 19:41:13,209342,29290,72909
2024-05-19 19:41:18,209342,29290,72909
2024-05-19 19:41:23,209342,29291,72907
2024-05-19 19:41:28,209342,29291,72907
2024-05-19 19:41:33,209342,29291,72907
2024-05-19 19:41:38,209342,29292,72906
2024-05-19 19:41:43,209342,29323,72875
2024-05-19 19:41:48,209342,29325,72873
2024-05-19 19:41:53,209342,29325,72873
2024-05-19 19:41:58,209342,29326,72872
2024-05-19 19:42:03,209342,29318,72880
2024-05-19 19:42:08,209342,29319,72879
2024-05-19 19:42:13,209342,29323,72875
2024-05-19 19:42:18,209342,29323,72875
2024-05-19 19:42:23,209342,29324,72875
2024-05-19 19:42:28,209342,29324,72874
2024-05-19 19:42:33,209342,29325,72874
2024-05-19 19:42:38,209342,29325,72873
2024-05-19 19:42:43,209342,29326,72872
2024-05-19 19:42:48,209342,29327,72872
2024-05-19 19:42:53,209342,30423,71775
2024-05-19 19:42:58,209342,29385,72813
2024-05-19 19:43:03,209342,29377,72821
2024-05-19 19:43:08,209342,29381,72817
2024-05-19 19:43:13,209342,29373,72825
2024-05-19 19:43:18,209342,29373,72825
2024-05-19 19:43:23,209342,29375,72823
2024-05-19 19:43:28,209342,29375,72823
2024-05-19 19:43:33,209342,29377,72821
2024-05-19 19:43:38,209342,29379,72819
2024-05-19 19:43:43,209342,29379,72819
2024-05-19 19:43:48,209342,29381,72817
2024-05-19 19:43:53,209342,29381,72816
2024-05-19 19:43:58,209342,29383,72815
2024-05-19 19:44:03,209342,29383,72815
2024-05-19 19:44:08,209342,29385,72813
2024-05-19 19:44:13,209342,29323,72875
2024-05-19 19:44:18,209342,29324,72874
2024-05-19 19:44:23,209342,29324,72874
2024-05-19 19:44:28,209342,29324,72874
2024-05-19 19:44:33,209342,29324,72874
2024-05-19 19:44:38,209342,29329,72869
2024-05-19 19:44:43,209342,29330,72868
2024-05-19 19:44:48,209342,29330,72868
2024-05-19 19:44:53,209342,29330,72868
2024-05-19 19:44:58,209342,29330,72868
2024-05-19 19:45:03,209342,29331,72866
2024-05-19 19:45:08,209342,29332,72866
2024-05-19 19:45:13,209342,29333,72865
2024-05-19 19:45:18,209342,29333,72865
2024-05-19 19:45:23,209342,30119,72078
2024-05-19 19:45:28,209342,29364,72834
2024-05-19 19:45:33,209342,29366,72832
2024-05-19 19:45:38,209342,29368,72830
2024-05-19 19:45:43,209342,29370,72827
2024-05-19 19:45:48,209342,29370,72827
2024-05-19 19:45:53,209342,29371,72827
2024-05-19 19:45:58,209342,29372,72826
2024-05-19 19:46:03,209342,29373,72824
2024-05-19 19:46:08,209342,29374,72824
2024-05-19 19:46:13,209342,29374,72823
2024-05-19 19:46:18,209342,29375,72823
2024-05-19 19:46:23,209342,29367,72831
2024-05-19 19:46:28,209342,29368,72830
2024-05-19 19:46:33,209342,29369,72828
2024-05-19 19:46:38,209342,29369,72828
2024-05-19 19:46:43,209342,29363,72834
2024-05-19 19:46:48,209342,29355,72842
2024-05-19 19:46:53,209342,29356,72841
2024-05-19 19:46:58,209342,29357,72841
2024-05-19 19:47:03,209342,29357,72841
2024-05-19 19:47:08,209342,29350,72848
2024-05-19 19:47:13,209342,29350,72847
2024-05-19 19:47:18,209342,29350,72847
2024-05-19 19:47:23,209342,29352,72845
2024-05-19 19:47:28,209342,29354,72843
2024-05-19 19:47:33,209342,29354,72843
2024-05-19 19:47:38,209342,29355,72842
2024-05-19 19:47:43,209342,29356,72841
2024-05-19 19:47:48,209342,30450,71747
2024-05-19 19:47:54,209342,29353,72844
2024-05-19 19:47:59,209342,29351,72846
2024-05-19 19:48:04,209342,29352,72845
2024-05-19 19:48:09,209342,29352,72845
2024-05-19 19:48:14,209342,29353,72843
2024-05-19 19:48:19,209342,29354,72843
2024-05-19 19:48:24,209342,29354,72843
2024-05-19 19:48:29,209342,29355,72842
2024-05-19 19:48:34,209342,29358,72839
2024-05-19 19:48:39,209342,29358,72839
2024-05-19 19:48:44,209342,29359,72838
2024-05-19 19:48:49,209342,29359,72838
2024-05-19 19:48:54,209342,29360,72837
2024-05-19 19:48:59,209342,29360,72836
2024-05-19 19:49:04,209342,29361,72835
2024-05-19 19:49:09,209342,29364,72833
2024-05-19 19:49:14,209342,29803,72394
2024-05-19 19:49:19,209342,29311,72886
2024-05-19 19:49:24,209342,29315,72882
2024-05-19 19:49:29,209342,29315,72882
2024-05-19 19:49:34,209342,29315,72882
2024-05-19 19:49:39,209342,29315,72881
2024-05-19 19:49:44,209342,29316,72881
2024-05-19 19:49:49,209342,29317,72879
2024-05-19 19:49:54,209342,29317,72879
2024-05-19 19:49:59,209342,29318,72879
2024-05-19 19:50:04,209342,29318,72879
2024-05-19 19:50:09,209342,29319,72878
2024-05-19 19:50:14,209342,29320,72877
2024-05-19 19:50:19,209342,29312,72884
2024-05-19 19:50:24,209342,29313,72884
2024-05-19 19:50:29,209342,29298,72899
2024-05-19 19:50:34,209342,29298,72898
2024-05-19 19:50:39,209342,29299,72897
2024-05-19 19:50:44,209342,29303,72893
2024-05-19 19:50:49,209342,29304,72893
2024-05-19 19:50:54,209342,29330,72866
2024-05-19 19:50:59,209342,29331,72865
2024-05-19 19:51:04,209342,29331,72865
2024-05-19 19:51:09,209342,29332,72865
2024-05-19 19:51:14,209342,29332,72865
2024-05-19 19:51:19,209342,29332,72864
2024-05-19 19:51:24,209342,29333,72863
2024-05-19 19:51:29,209342,29333,72863
2024-05-19 19:51:34,209342,29335,72862
2024-05-19 19:51:39,209342,29335,72862
2024-05-19 19:51:44,209342,29336,72861
2024-05-19 19:51:49,209342,29337,72860
2024-05-19 19:51:54,209342,29337,72859
2024-05-19 19:51:59,209342,29337,72859
2024-05-19 19:52:04,209342,29338,72859
2024-05-19 19:52:09,209342,29338,72859
2024-05-19 19:52:14,209342,29338,72858
2024-05-19 19:52:19,209342,29339,72858
2024-05-19 19:52:24,209342,29332,72864
2024-05-19 19:52:29,209342,29332,72864
2024-05-19 19:52:34,209342,29342,72855
2024-05-19 19:52:39,209342,29342,72854
2024-05-19 19:52:44,209342,29342,72854
2024-05-19 19:52:49,209342,29343,72853
2024-05-19 19:52:54,209342,29343,72853
2024-05-19 19:52:59,209342,29344,72852
2024-05-19 19:53:04,209342,29344,72852
2024-05-19 19:53:09,209342,29345,72851
2024-05-19 19:53:14,209342,29345,72851
2024-05-19 19:53:19,209342,29346,72850
2024-05-19 19:53:24,209342,29347,72849
2024-05-19 19:53:29,209342,29347,72849
2024-05-19 19:53:34,209342,29347,72849
2024-05-19 19:53:39,209342,29348,72848
2024-05-19 19:53:44,209342,29349,72847
2024-05-19 19:53:49,209342,29350,72847
2024-05-19 19:53:54,209342,29350,72847
2024-05-19 19:53:59,209342,29278,72919
2024-05-19 19:54:04,209342,29270,72926
2024-05-19 19:54:09,209342,29271,72925
2024-05-19 19:54:14,209342,29271,72925
2024-05-19 19:54:19,209342,29271,72925
2024-05-19 19:54:24,209342,29272,72924
2024-05-19 19:54:29,209342,29272,72924
2024-05-19 19:54:34,209342,29273,72924
2024-05-19 19:54:39,209342,29273,72923
2024-05-19 19:54:44,209342,29274,72923
2024-05-19 19:54:49,209342,29274,72922
2024-05-19 19:54:54,209342,29276,72921
2024-05-19 19:54:59,209342,29278,72917
2024-05-19 19:55:04,209342,29279,72917
2024-05-19 19:55:09,209342,29272,72924
2024-05-19 19:55:14,209342,29274,72922
2024-05-19 19:55:19,209342,29274,72922
2024-05-19 19:55:24,209342,29270,72926
2024-05-19 19:55:29,209342,29271,72925
2024-05-19 19:55:34,209342,29765,72431
2024-05-19 19:55:39,209342,29308,72888
2024-05-19 19:55:44,209342,29301,72895
2024-05-19 19:55:49,209342,29301,72895
2024-05-19 19:55:54,209342,29305,72891
2024-05-19 19:55:59,209342,29305,72890
2024-05-19 19:56:04,209342,29306,72890
2024-05-19 19:56:09,209342,29306,72890
2024-05-19 19:56:14,209342,29307,72889
2024-05-19 19:56:19,209342,29307,72888
2024-05-19 19:56:24,209342,29308,72888
2024-05-19 19:56:29,209342,29308,72887
2024-05-19 19:56:34,209342,29309,72887
2024-05-19 19:56:39,209342,29310,72886
2024-05-19 19:56:44,209342,29310,72886
2024-05-19 19:56:49,209342,29311,72885
2024-05-19 19:56:54,209342,29312,72884
2024-05-19 19:56:59,209342,29312,72884
2024-05-19 19:57:04,209342,29313,72883
2024-05-19 19:57:09,209342,29313,72883
2024-05-19 19:57:14,209342,30428,71768
2024-05-19 19:57:19,209342,29329,72867
2024-05-19 19:57:24,209342,29330,72866
2024-05-19 19:57:29,209342,29330,72866
2024-05-19 19:57:34,209342,29330,72865
2024-05-19 19:57:39,209342,29331,72865
2024-05-19 19:57:44,209342,29331,72865
2024-05-19 19:57:49,209342,29332,72864
2024-05-19 19:57:54,209342,29323,72873
2024-05-19 19:57:59,209342,29324,72872
2024-05-19 19:58:04,209342,29324,72872
2024-05-19 19:58:09,209342,29325,72871
2024-05-19 19:58:14,209342,29325,72871
2024-05-19 19:58:19,209342,29325,72871
2024-05-19 19:58:24,209342,29326,72870
2024-05-19 19:58:30,209342,29326,72870
2024-05-19 19:58:35,209342,29330,72866
2024-05-19 19:58:40,209342,29290,72905
2024-05-19 19:58:45,209342,29290,72905
2024-05-19 19:58:50,209342,29291,72904
2024-05-19 19:58:55,209342,29292,72903
2024-05-19 19:59:00,209342,29293,72902
2024-05-19 19:59:05,209342,29293,72902
2024-05-19 19:59:10,209342,29294,72902
2024-05-19 19:59:15,209342,29294,72901
2024-05-19 19:59:20,209342,29294,72901
2024-05-19 19:59:25,209342,29294,72901
2024-05-19 19:59:30,209342,29278,72917
2024-05-19 19:59:35,209342,29280,72916
2024-05-19 19:59:40,209342,29280,72915
2024-05-19 19:59:45,209342,29280,72915
2024-05-19 19:59:50,209342,29280,72915
2024-05-19 19:59:55,209342,29281,72914
2024-05-19 20:00:00,209342,29282,72913
2024-05-19 20:00:05,209342,29282,72913
2024-05-19 20:00:10,209342,29282,72913
2024-05-19 20:00:15,209342,29283,72913
2024-05-19 20:00:20,209342,29328,72867
2024-05-19 20:00:25,209342,29330,72865
2024-05-19 20:00:30,209342,29330,72865
2024-05-19 20:00:35,209342,29330,72865
2024-05-19 20:00:40,209342,29331,72864
2024-05-19 20:00:45,209342,29331,72864
2024-05-19 20:00:50,209342,29333,72863
2024-05-19 20:00:55,209342,29333,72863
2024-05-19 20:01:00,209342,29333,72862
2024-05-19 20:01:05,209342,29334,72862
2024-05-19 20:01:10,209342,29334,72862
2024-05-19 20:01:15,209342,29340,72855
2024-05-19 20:01:20,209342,29341,72854
2024-05-19 20:01:25,209342,29341,72854
2024-05-19 20:01:30,209342,29341,72854
2024-05-19 20:01:35,209342,29342,72853
2024-05-19 20:01:40,209342,29343,72852
2024-05-19 20:01:45,209342,29343,72852
2024-05-19 20:01:50,209342,29343,72852
2024-05-19 20:01:55,209342,30426,71769
2024-05-19 20:02:00,209342,29332,72863
2024-05-19 20:02:05,209342,29335,72860
2024-05-19 20:02:10,209342,29335,72860
2024-05-19 20:02:15,209342,29336,72859
2024-05-19 20:02:20,209342,29336,72859
2024-05-19 20:02:25,209342,29336,72859
2024-05-19 20:02:30,209342,29337,72858
2024-05-19 20:02:35,209342,29338,72857
2024-05-19 20:02:40,209342,29338,72857
2024-05-19 20:02:45,209342,29339,72856
2024-05-19 20:02:50,209342,29340,72855
2024-05-19 20:02:55,209342,29340,72855
2024-05-19 20:03:00,209342,29340,72855
2024-05-19 20:03:05,209342,29341,72854
2024-05-19 20:03:10,209342,29333,72862
2024-05-19 20:03:15,209342,29333,72862
2024-05-19 20:03:20,209342,29773,72422
2024-05-19 20:03:25,209342,29272,72923
2024-05-19 20:03:30,209342,29273,72922
2024-05-19 20:03:35,209342,29273,72922
2024-05-19 20:03:40,209342,29274,72921
2024-05-19 20:03:45,209342,29276,72919
2024-05-19 20:03:50,209342,29276,72919
2024-05-19 20:03:55,209342,29277,72918
2024-05-19 20:04:00,209342,29277,72918
2024-05-19 20:04:05,209342,29282,72912
2024-05-19 20:04:10,209342,29283,72912
2024-05-19 20:04:15,209342,29283,72912
2024-05-19 20:04:20,209342,29276,72919
2024-05-19 20:04:25,209342,29276,72919
2024-05-19 20:04:30,209342,29277,72918
2024-05-19 20:04:35,209342,29277,72918
2024-05-19 20:04:40,209342,29277,72918
2024-05-19 20:04:45,209342,29277,72918
2024-05-19 20:04:50,209342,29278,72917
2024-05-19 20:04:55,209342,29279,72916
2024-05-19 20:05:00,209342,29311,72883
2024-05-19 20:05:05,209342,29313,72881
2024-05-19 20:05:10,209342,29314,72881
2024-05-19 20:05:15,209342,29314,72880
2024-05-19 20:05:20,209342,29315,72880
2024-05-19 20:05:25,209342,29315,72879
2024-05-19 20:05:30,209342,29315,72879
2024-05-19 20:05:35,209342,29316,72879
2024-05-19 20:05:40,209342,29319,72875
2024-05-19 20:05:45,209342,29320,72875
2024-05-19 20:05:50,209342,29320,72874
2024-05-19 20:05:55,209342,29320,72874
2024-05-19 20:06:00,209342,29321,72873
2024-05-19 20:06:05,209342,29321,72873
2024-05-19 20:06:10,209342,29323,72872
2024-05-19 20:06:15,209342,29323,72871
2024-05-19 20:06:20,209342,29323,72871
2024-05-19 20:06:25,209342,29324,72871
2024-05-19 20:06:30,209342,29324,72870
2024-05-19 20:06:35,209342,29325,72870
2024-05-19 20:06:40,209342,29337,72858
2024-05-19 20:06:45,209342,29338,72856
2024-05-19 20:06:50,209342,29338,72856
2024-05-19 20:06:55,209342,29339,72855
2024-05-19 20:07:00,209342,29339,72855
2024-05-19 20:07:05,209342,29340,72854
2024-05-19 20:07:10,209342,29340,72854
2024-05-19 20:07:15,209342,29341,72853
2024-05-19 20:07:20,209342,29341,72853
2024-05-19 20:07:25,209342,29344,72850
2024-05-19 20:07:30,209342,29345,72849
2024-05-19 20:07:35,209342,29345,72849
2024-05-19 20:07:40,209342,29346,72848
2024-05-19 20:07:45,209342,29346,72848
2024-05-19 20:07:50,209342,29338,72856
2024-05-19 20:07:55,209342,29339,72855
2024-05-19 20:08:00,209342,29340,72854
2024-05-19 20:08:05,209342,29283,72911
2024-05-19 20:08:10,209342,29284,72910
2024-05-19 20:08:15,209342,29285,72909
2024-05-19 20:08:20,209342,29285,72909
2024-05-19 20:08:25,209342,29285,72909
2024-05-19 20:08:30,209342,29286,72908
2024-05-19 20:08:35,209342,29286,72908
2024-05-19 20:08:40,209342,29287,72907
2024-05-19 20:08:45,209342,29289,72906
2024-05-19 20:08:50,209342,29290,72904
2024-05-19 20:08:55,209342,29290,72904
2024-05-19 20:09:00,209342,29291,72903
2024-05-19 20:09:06,209342,29291,72903
2024-05-19 20:09:11,209342,29292,72902
2024-05-19 20:09:16,209342,29296,72898
2024-05-19 20:09:21,209342,29296,72898
2024-05-19 20:09:26,209342,29297,72897
2024-05-19 20:09:31,209342,29297,72897
2024-05-19 20:09:36,209342,29297,72896
2024-05-19 20:09:41,209342,29804,72390
2024-05-19 20:09:46,209342,29339,72855
2024-05-19 20:09:51,209342,29340,72854
2024-05-19 20:09:56,209342,29340,72854
2024-05-19 20:10:01,209342,29341,72853
2024-05-19 20:10:06,209342,29343,72851
2024-05-19 20:10:11,209342,29346,72848
2024-05-19 20:10:16,209342,29347,72847
2024-05-19 20:10:21,209342,29347,72847
2024-05-19 20:10:26,209342,29347,72846
2024-05-19 20:10:31,209342,29348,72846
2024-05-19 20:10:36,209342,29348,72845
2024-05-19 20:10:41,209342,29349,72845
2024-05-19 20:10:46,209342,29349,72844
2024-05-19 20:10:51,209342,29350,72844
2024-05-19 20:10:56,209342,29352,72842
2024-05-19 20:11:01,209342,29352,72841
2024-05-19 20:11:06,209342,29353,72841
2024-05-19 20:11:11,209342,29354,72840
2024-05-19 20:11:16,209342,29354,72840
2024-05-19 20:11:21,209342,30457,71737
2024-05-19 20:11:26,209342,29351,72843
2024-05-19 20:11:31,209342,29351,72843
2024-05-19 20:11:36,209342,29351,72842
2024-05-19 20:11:41,209342,29351,72842
2024-05-19 20:11:46,209342,29352,72842
2024-05-19 20:11:51,209342,29353,72841
2024-05-19 20:11:56,209342,29364,72829
2024-05-19 20:12:01,209342,29364,72829
2024-05-19 20:12:06,209342,29364,72829
2024-05-19 20:12:11,209342,29364,72829
2024-05-19 20:12:16,209342,29364,72829
2024-05-19 20:12:21,209342,29364,72829
2024-05-19 20:12:26,209342,29365,72829
2024-05-19 20:12:31,209342,29365,72829
2024-05-19 20:12:36,209342,29365,72829
2024-05-19 20:12:41,209342,29366,72828
2024-05-19 20:12:46,209342,29308,72886
2024-05-19 20:12:51,209342,29309,72884
2024-05-19 20:12:56,209342,29310,72883
2024-05-19 20:13:01,209342,29310,72883
2024-05-19 20:13:06,209342,29311,72883
2024-05-19 20:13:11,209342,29311,72882
2024-05-19 20:13:16,209342,29311,72882
2024-05-19 20:13:21,209342,29312,72881
2024-05-19 20:13:26,209342,29312,72881
2024-05-19 20:13:31,209342,29313,72880
2024-05-19 20:13:36,209342,29314,72880
2024-05-19 20:13:41,209342,29314,72879
2024-05-19 20:13:46,209342,29315,72879
2024-05-19 20:13:51,209342,29315,72879
2024-05-19 20:13:56,209342,29307,72886
2024-05-19 20:14:01,209342,29307,72886
2024-05-19 20:14:06,209342,29307,72886
2024-05-19 20:14:11,209342,29308,72885
2024-05-19 20:14:16,209342,29308,72885
2024-05-19 20:14:21,209342,29309,72885
2024-05-19 20:14:26,209342,29330,72863
2024-05-19 20:14:31,209342,29334,72859
2024-05-19 20:14:36,209342,29334,72859
2024-05-19 20:14:41,209342,29334,72859
2024-05-19 20:14:46,209342,29335,72858
2024-05-19 20:14:51,209342,29335,72858
2024-05-19 20:14:56,209342,29335,72858
2024-05-19 20:15:01,209342,29327,72866
2024-05-19 20:15:06,209342,29329,72864
2024-05-19 20:15:11,209342,29329,72864
2024-05-19 20:15:16,209342,29329,72864
2024-05-19 20:15:21,209342,29330,72863
2024-05-19 20:15:26,209342,29330,72863
2024-05-19 20:15:31,209342,29331,72862
2024-05-19 20:15:36,209342,29331,72862
2024-05-19 20:15:41,209342,29331,72862
2024-05-19 20:15:46,209342,29332,72861
2024-05-19 20:15:51,209342,29332,72861
2024-05-19 20:15:56,209342,29333,72860
2024-05-19 20:16:01,209342,29334,72859
2024-05-19 20:16:06,209342,29334,72859
2024-05-19 20:16:11,209342,29334,72859
2024-05-19 20:16:16,209342,29335,72858
2024-05-19 20:16:21,209342,29337,72856
2024-05-19 20:16:26,209342,29339,72853
2024-05-19 20:16:31,209342,29339,72853
2024-05-19 20:16:36,209342,29340,72853
2024-05-19 20:16:41,209342,29331,72861
2024-05-19 20:16:46,209342,29332,72861
2024-05-19 20:16:51,209342,29332,72860
2024-05-19 20:16:56,209342,29333,72860
2024-05-19 20:17:01,209342,29333,72859
2024-05-19 20:17:06,209342,29334,72859
2024-05-19 20:17:11,209342,29334,72859
2024-05-19 20:17:16,209342,29336,72857
2024-05-19 20:17:21,209342,29336,72857
2024-05-19 20:17:26,209342,29336,72857
2024-05-19 20:17:31,209342,29336,72857
2024-05-19 20:17:36,209342,29337,72856
2024-05-19 20:17:41,209342,30463,71729
2024-05-19 20:17:46,209342,29345,72847
2024-05-19 20:17:51,209342,29346,72847
2024-05-19 20:17:56,209342,29346,72847
2024-05-19 20:18:01,209342,29346,72847
2024-05-19 20:18:06,209342,29346,72846
2024-05-19 20:18:11,209342,29346,72846
2024-05-19 20:18:16,209342,29346,72846
2024-05-19 20:18:21,209342,29347,72846
2024-05-19 20:18:26,209342,29347,72846
2024-05-19 20:18:31,209342,29347,72846
2024-05-19 20:18:36,209342,29348,72845
2024-05-19 20:18:41,209342,29348,72845
2024-05-19 20:18:46,209342,29348,72845
2024-05-19 20:18:51,209342,29348,72844
2024-05-19 20:18:56,209342,29348,72844
2024-05-19 20:19:01,209342,29348,72844
2024-05-19 20:19:06,209342,29349,72843
2024-05-19 20:19:11,209342,29816,72376
2024-05-19 20:19:16,209342,29307,72885
2024-05-19 20:19:21,209342,29308,72885
2024-05-19 20:19:26,209342,29308,72884
2024-05-19 20:19:31,209342,29308,72884
2024-05-19 20:19:36,209342,29309,72884
2024-05-19 20:19:42,209342,29310,72883
2024-05-19 20:19:47,209342,29310,72883
2024-05-19 20:19:52,209342,29310,72883
2024-05-19 20:19:57,209342,29310,72882
2024-05-19 20:20:02,209342,29310,72882
2024-05-19 20:20:07,209342,29302,72890
2024-05-19 20:20:12,209342,29303,72889
2024-05-19 20:20:17,209342,29303,72889
2024-05-19 20:20:22,209342,29304,72888
2024-05-19 20:20:27,209342,29304,72888
2024-05-19 20:20:32,209342,29305,72887
2024-05-19 20:20:37,209342,29297,72895
2024-05-19 20:20:42,209342,29298,72894
2024-05-19 20:20:47,209342,29298,72894
2024-05-19 20:20:52,209342,29298,72894
2024-05-19 20:20:57,209342,29299,72893
2024-05-19 20:21:02,209342,29299,72893
2024-05-19 20:21:07,209342,29300,72892
2024-05-19 20:21:12,209342,29300,72892
2024-05-19 20:21:17,209342,29300,72892
2024-05-19 20:21:22,209342,29312,72880
2024-05-19 20:21:27,209342,29312,72880
2024-05-19 20:21:32,209342,29312,72880
2024-05-19 20:21:37,209342,29313,72879
2024-05-19 20:21:42,209342,29313,72879
2024-05-19 20:21:47,209342,29314,72878
2024-05-19 20:21:52,209342,29314,72878
2024-05-19 20:21:57,209342,29314,72878
2024-05-19 20:22:02,209342,29315,72877
2024-05-19 20:22:07,209342,29315,72877
2024-05-19 20:22:12,209342,29315,72877
2024-05-19 20:22:17,209342,29307,72885
2024-05-19 20:22:22,209342,29299,72893
2024-05-19 20:22:27,209342,29300,72892
2024-05-19 20:22:32,209342,29301,72891
2024-05-19 20:22:37,209342,29301,72891
2024-05-19 20:22:42,209342,29301,72891
2024-05-19 20:22:47,209342,29301,72891
2024-05-19 20:22:52,209342,29302,72890
2024-05-19 20:22:57,209342,29293,72899
2024-05-19 20:23:02,209342,29294,72898
2024-05-19 20:23:07,209342,29295,72897
2024-05-19 20:23:12,209342,29295,72897
2024-05-19 20:23:17,209342,29295,72896
2024-05-19 20:23:22,209342,29296,72895
2024-05-19 20:23:27,209342,30448,71744
2024-05-19 20:23:32,209342,29322,72870
2024-05-19 20:23:37,209342,29322,72870
2024-05-19 20:23:42,209342,29323,72869
2024-05-19 20:23:47,209342,29323,72869
2024-05-19 20:23:52,209342,29323,72869
2024-05-19 20:23:57,209342,29324,72868
2024-05-19 20:24:02,209342,29324,72867
2024-05-19 20:24:07,209342,29325,72866
2024-05-19 20:24:12,209342,29325,72866
2024-05-19 20:24:17,209342,29326,72866
2024-05-19 20:24:22,209342,29326,72866
2024-05-19 20:24:27,209342,29326,72865
2024-05-19 20:24:32,209342,29326,72865
2024-05-19 20:24:37,209342,29327,72865
2024-05-19 20:24:42,209342,29327,72864
2024-05-19 20:24:47,209342,29328,72864
2024-05-19 20:24:52,209342,29330,72861
2024-05-19 20:24:57,209342,29378,72814
2024-05-19 20:25:02,209342,29290,72901
2024-05-19 20:25:07,209342,29291,72900
2024-05-19 20:25:12,209342,29291,72900
2024-05-19 20:25:17,209342,29292,72899
2024-05-19 20:25:22,209342,29292,72899
2024-05-19 20:25:27,209342,29293,72898
2024-05-19 20:25:32,209342,29293,72898
2024-05-19 20:25:37,209342,29294,72897
2024-05-19 20:25:42,209342,29295,72896
2024-05-19 20:25:47,209342,29295,72896
2024-05-19 20:25:52,209342,29295,72896
2024-05-19 20:25:57,209342,29295,72896
2024-05-19 20:26:02,209342,29296,72895
2024-05-19 20:26:07,209342,29296,72895
2024-05-19 20:26:12,209342,29297,72895
2024-05-19 20:26:17,209342,29297,72895
2024-05-19 20:26:22,209342,29298,72894
2024-05-19 20:26:27,209342,29298,72893
2024-05-19 20:26:32,209342,29298,72893
2024-05-19 20:26:37,209342,29300,72892
2024-05-19 20:26:42,209342,29300,72891
2024-05-19 20:26:47,209342,29300,72891
2024-05-19 20:26:52,209342,29301,72891
2024-05-19 20:26:57,209342,29301,72890
2024-05-19 20:27:02,209342,29302,72890
2024-05-19 20:27:07,209342,29305,72886
2024-05-19 20:27:12,209342,29307,72885
2024-05-19 20:27:17,209342,29307,72885
2024-05-19 20:27:22,209342,29308,72884
2024-05-19 20:27:27,209342,29309,72883
2024-05-19 20:27:32,209342,29309,72883
2024-05-19 20:27:37,209342,29309,72882
2024-05-19 20:27:42,209342,29310,72882
2024-05-19 20:27:47,209342,29310,72881
2024-05-19 20:27:52,209342,29310,72881
2024-05-19 20:27:57,209342,29312,72880
2024-05-19 20:28:02,209342,29313,72879
2024-05-19 20:28:07,209342,29312,72879
2024-05-19 20:28:12,209342,29304,72887
2024-05-19 20:28:17,209342,29306,72886
2024-05-19 20:28:22,209342,29306,72886
2024-05-19 20:28:27,209342,29307,72885
2024-05-19 20:28:32,209342,29307,72884
2024-05-19 20:28:37,209342,29307,72884
2024-05-19 20:28:42,209342,29308,72884
2024-05-19 20:28:47,209342,29308,72884
2024-05-19 20:28:52,209342,29310,72881
2024-05-19 20:28:57,209342,29311,72881
2024-05-19 20:29:02,209342,29311,72880
2024-05-19 20:29:07,209342,29311,72880
2024-05-19 20:29:12,209342,30459,71732
2024-05-19 20:29:17,209342,29342,72850
2024-05-19 20:29:22,209342,29342,72850
2024-05-19 20:29:27,209342,29342,72849
2024-05-19 20:29:32,209342,29343,72849
2024-05-19 20:29:37,209342,29343,72849
2024-05-19 20:29:42,209342,29346,72845
2024-05-19 20:29:47,209342,29346,72844
2024-05-19 20:29:52,209342,29347,72844
2024-05-19 20:29:57,209342,29347,72844
2024-05-19 20:30:02,209342,29348,72843
2024-05-19 20:30:07,209342,29348,72842
2024-05-19 20:30:12,209342,29349,72842
2024-05-19 20:30:18,209342,29349,72841
2024-05-19 20:30:23,209342,29350,72841
2024-05-19 20:30:28,209342,29350,72841
2024-05-19 20:30:33,209342,29351,72840
2024-05-19 20:30:38,209342,29351,72840
2024-05-19 20:30:43,209342,29352,72839
2024-05-19 20:30:48,209342,29306,72885
2024-05-19 20:30:53,209342,29298,72892
2024-05-19 20:30:58,209342,29298,72892
2024-05-19 20:31:03,209342,29301,72890
2024-05-19 20:31:08,209342,29301,72889
2024-05-19 20:31:13,209342,29301,72889
2024-05-19 20:31:18,209342,29301,72889
2024-05-19 20:31:23,209342,29302,72888
2024-05-19 20:31:28,209342,29303,72888
2024-05-19 20:31:33,209342,29303,72888
2024-05-19 20:31:38,209342,29303,72888
2024-05-19 20:31:43,209342,29303,72887
2024-05-19 20:31:48,209342,29303,72887
2024-05-19 20:31:53,209342,29304,72886
2024-05-19 20:31:58,209342,29305,72885
2024-05-19 20:32:03,209342,29305,72885
2024-05-19 20:32:08,209342,29306,72885
2024-05-19 20:32:13,209342,29307,72884
2024-05-19 20:32:18,209342,29307,72884
2024-05-19 20:32:23,209342,29299,72891
2024-05-19 20:32:28,209342,29300,72890
2024-05-19 20:32:33,209342,29301,72889
2024-05-19 20:32:38,209342,29301,72889
2024-05-19 20:32:43,209342,29301,72889
2024-05-19 20:32:48,209342,29302,72889
2024-05-19 20:32:53,209342,33345,68845
2024-05-19 20:32:58,209342,33754,68436
2024-05-19 20:33:03,209342,33796,68394
2024-05-19 20:33:08,209342,34598,67592
2024-05-19 20:33:13,209342,34642,67548
2024-05-19 20:33:18,209342,34720,67470
2024-05-19 20:33:23,209342,40846,61344
2024-05-19 20:33:28,209342,47556,54634
2024-05-19 20:33:33,209342,48862,53328
2024-05-19 20:33:38,209342,48822,53368
2024-05-19 20:33:43,209342,48711,53479
2024-05-19 20:33:48,209342,48831,53359
2024-05-19 20:33:53,209342,48680,53510
2024-05-19 20:33:58,209342,48852,53338
2024-05-19 20:34:03,209342,49180,53010
2024-05-19 20:34:08,209342,49176,53014
2024-05-19 20:34:13,209342,49169,53021
2024-05-19 20:34:18,209342,47173,55017
2024-05-19 20:34:23,209342,47320,54870
2024-05-19 20:34:28,209342,47284,54906
2024-05-19 20:34:33,209342,47360,54830
2024-05-19 20:34:38,209342,47175,55015
2024-05-19 20:34:43,209342,46694,55496
2024-05-19 20:34:48,209342,49917,52273
2024-05-19 20:34:53,209342,53356,48834
2024-05-19 20:34:58,209342,53985,48205
2024-05-19 20:35:03,209342,54097,48093
2024-05-19 20:35:08,209342,54120,48070
2024-05-19 20:35:13,209342,54025,48165
2024-05-19 20:35:18,209342,54092,48098
2024-05-19 20:35:23,209342,54272,47917
2024-05-19 20:35:28,209342,54461,47729
2024-05-19 20:35:33,209342,54461,47729
2024-05-19 20:35:38,209342,51883,50306
2024-05-19 20:35:43,209342,52481,49708
2024-05-19 20:35:48,209342,52498,49691
2024-05-19 20:35:53,209342,51930,50259
2024-05-19 20:35:58,209342,52513,49677
2024-05-19 20:36:03,209342,52615,49574
2024-05-19 20:36:08,209342,52133,50056
2024-05-19 20:36:13,209342,57498,44691
2024-05-19 20:36:18,209342,59184,43006
2024-05-19 20:36:23,209342,59244,42945
2024-05-19 20:36:28,209342,59093,43096
2024-05-19 20:36:33,209342,59217,42972
2024-05-19 20:36:38,209342,59234,42955
2024-05-19 20:36:43,209342,59159,43030
2024-05-19 20:36:48,209342,59608,42581
2024-05-19 20:36:53,209342,59617,42572
2024-05-19 20:36:58,209342,59617,42573
2024-05-19 20:37:03,209342,57442,44747
2024-05-19 20:37:08,209342,57381,44809
2024-05-19 20:37:14,209342,57493,44696
2024-05-19 20:37:19,209342,57138,45052
2024-05-19 20:37:24,209342,58312,43877
2024-05-19 20:37:29,209342,58461,43728
2024-05-19 20:37:34,209342,58381,43808
2024-05-19 20:37:39,209342,58570,43620
2024-05-19 20:37:44,209342,58560,43629
2024-05-19 20:37:49,209342,57719,44470
2024-05-19 20:37:54,209342,57712,44477
2024-05-19 20:37:59,209342,57687,44503
2024-05-19 20:38:04,209342,58282,43908
2024-05-19 20:38:09,209342,58847,43343
2024-05-19 20:38:14,209342,58726,43463
2024-05-19 20:38:19,209342,58757,43432
2024-05-19 20:38:24,209342,58925,43264
2024-05-19 20:38:29,209342,58109,44080
2024-05-19 20:38:34,209342,58034,44155
2024-05-19 20:38:39,209342,58143,44046
2024-05-19 20:38:44,209342,57936,44253
2024-05-19 20:38:49,209342,59683,42506
2024-05-19 20:38:54,209342,59518,42671
2024-05-19 20:38:59,209342,59610,42579
2024-05-19 20:39:04,209342,59786,42403
2024-05-19 20:39:09,209342,59775,42414
2024-05-19 20:39:14,209342,58943,43246
2024-05-19 20:39:19,209342,58880,43309
2024-05-19 20:39:24,209342,58907,43282
2024-05-19 20:39:29,209342,61558,40631
2024-05-19 20:39:34,209342,62036,40152
2024-05-19 20:39:39,209342,62121,40068
2024-05-19 20:39:44,209342,62110,40079
2024-05-19 20:39:49,209342,62294,39895
2024-05-19 20:39:54,209342,61222,40967
2024-05-19 20:39:59,209342,61197,40991
2024-05-19 20:40:04,209342,61823,40365
2024-05-19 20:40:09,209342,61706,40483
2024-05-19 20:40:14,209342,61773,40416
2024-05-19 20:40:19,209342,61168,41020
2024-05-19 20:40:24,209342,61276,40913
2024-05-19 20:40:29,209342,61949,40239
2024-05-19 20:40:34,209342,61958,40231
2024-05-19 20:40:39,209342,61576,40612
2024-05-19 20:40:44,209342,61466,40723
2024-05-19 20:40:49,209342,62335,39853
2024-05-19 20:40:54,209342,62155,40034
2024-05-19 20:40:59,209342,61656,40533
2024-05-19 20:41:04,209342,62014,40175
2024-05-19 20:41:09,209342,63131,39058
2024-05-19 20:41:14,209342,63505,38683
2024-05-19 20:41:19,209342,63582,38606
2024-05-19 20:41:24,209342,63080,39109
2024-05-19 20:41:29,209342,63095,39094
2024-05-19 20:41:34,209342,64826,37363
2024-05-19 20:41:39,209342,64702,37486
2024-05-19 20:41:44,209342,64270,37918
2024-05-19 20:41:49,209342,64415,37773
2024-05-19 20:41:54,209342,65878,36310
2024-05-19 20:41:59,209342,66028,36160
2024-05-19 20:42:04,209342,66093,36095
2024-05-19 20:42:09,209342,65630,36558
2024-05-19 20:42:14,209342,65833,36355
2024-05-19 20:42:19,209342,65556,36633
2024-05-19 20:42:24,209342,65913,36275
2024-05-19 20:42:29,209342,65938,36250
2024-05-19 20:42:34,209342,65635,36553
2024-05-19 20:42:39,209342,65635,36553
2024-05-19 20:42:44,209342,65636,36553
2024-05-19 20:42:49,209342,65636,36553
2024-05-19 20:42:54,209342,65631,36557
2024-05-19 20:42:59,209342,65654,36534
2024-05-19 20:43:04,209342,65589,36599
2024-05-19 20:43:09,209342,66419,35769
2024-05-19 20:43:14,209342,65613,36575
2024-05-19 20:43:19,209342,66050,36138
2024-05-19 20:43:24,209342,67481,34707
2024-05-19 20:43:29,209342,65560,36628
2024-05-19 20:43:34,209342,65563,36625
2024-05-19 20:43:39,209342,66576,35612
2024-05-19 20:43:44,209342,65541,36647
2024-05-19 20:43:49,209342,65776,36411
2024-05-19 20:43:54,209342,65541,36647
2024-05-19 20:43:59,209342,66142,36046
2024-05-19 20:44:04,209342,65549,36639
2024-05-19 20:44:09,209342,65565,36623
2024-05-19 20:44:14,209342,65731,36457
2024-05-19 20:44:19,209342,65625,36562
2024-05-19 20:44:24,209342,65566,36621
2024-05-19 20:44:29,209342,65644,36543
2024-05-19 20:44:34,209342,65519,36668
2024-05-19 20:44:39,209342,65543,36644
2024-05-19 20:44:44,209342,65577,36610
2024-05-19 20:44:49,209342,65573,36614
2024-05-19 20:44:54,209342,65575,36612
2024-05-19 20:44:59,209342,6250,95937
